Country Name,1990,1991,1992,1993,1994,1995,1996,1997,1998,1999,2000,2001,2002,2003,2004,2005,2006,2007,2008,2009,2010,2011,2012,2013,2014,2015,2016,2017,2018
Aruba,1.813641093,3.902018236,5.44027196,6.068410306,5.625997562,4.616674713,3.517889233,2.669576442,2.114385656,2.055026783,2.22593013,2.229056047,2.109354335,1.757352867,1.30203884,0.79954624,0.384052418,0.134267964,0.095654625,0.210708808,0.370125352,0.502430116,0.582349411,0.594397037,0.544892394,0.50761773,0.469944453,0.453575639,
Afghanistan,4.476896508,6.900156175,8.546120196,8.790888641,7.659777033,5.884256812,4.019468195,2.636538892,1.94731853,2.975052846,3.902805701,4.496719561,4.668361494,4.321539296,3.682731797,2.990478094,2.493842299,2.268277145,2.397020991,2.74657628,3.143125903,3.407586974,3.494589049,3.355581661,3.077083595,2.778317409,2.548346644,2.3847611,
Angola,3.378480754,3.324456291,3.280311952,3.246641936,3.226144493,3.21685908,3.21423426,3.217320072,3.228941421,3.277203555,3.301198182,3.329256674,3.37881111,3.453013829,3.537557154,3.619574559,3.68063537,3.710531322,3.703877683,3.671462401,3.634158626,3.597774308,3.551950467,3.497492744,3.438850684,3.37827278,3.322080998,3.276133875,
Albania,1.799085593,-0.602809679,-0.606434726,-0.610165793,-0.613880507,-0.617703658,-0.621511399,-0.625430097,-0.629334393,-0.637356834,-0.938470428,-0.299876697,-0.374149169,-0.417931378,-0.511790116,-0.630911245,-0.755718755,-0.767342959,-0.673894046,-0.496461963,-0.269017332,-0.16515104,-0.183211385,-0.207047,-0.291205787,-0.159880412,-0.091972294,-0.246732042,
Andorra,3.854362309,3.88967904,3.837471871,3.476100654,2.759621289,1.854202829,0.795573965,-0.051287233,-0.288007423,1.572165551,2.939992206,3.942573353,4.375449193,4.098923478,3.382416554,2.659984178,2.066338175,1.414647779,0.714097792,-0.016576679,-0.834745269,-1.588729602,-2.025792158,-1.95147048,-1.529058438,-0.919469738,-0.383673623,0.006493211,
United Arab Emirates,5.783701378,5.776060047,5.802967416,5.69236225,5.429216765,5.127171975,5.008337384,5.076852738,5.173914727,5.510421986,5.241614185,5.193472662,6.487170055,9.173909057,12.02016527,14.42464112,15.17708393,13.91024929,11.04463501,7.687054686,4.536347626,2.154163159,0.614129704,0.176677484,0.52741154,1.053281129,1.339385202,1.50389676,
Argentina,1.452983278,1.401439861,1.352181892,1.306059088,1.265318603,1.22923063,1.193611663,1.159485353,1.132262439,1.100583725,1.092079483,1.083551371,1.07199404,1.055389384,1.036281168,1.01544167,0.998858904,0.99259313,0.999544734,0.752213052,1.15305928,1.136905694,1.1191092,1.099461091,1.078001344,1.057181578,1.037133897,1.015808349,
Armenia,0.04797414,-0.934580005,-1.797409529,-2.34244852,-2.390476071,-2.040336799,-1.53871861,-1.115081278,-0.781896829,-0.631020799,-0.617751681,-0.549218141,-0.530280113,-0.571956874,-0.650321107,-0.773190355,-0.872160581,-0.856135016,-0.67381128,-0.373711867,-0.027147008,0.267013214,0.461966644,0.51012273,0.450500903,0.361431439,0.294612228,0.236306379,
American Samoa,3.116907008,2.786751478,2.456986479,2.227687349,2.085126215,2.025606994,1.955879508,1.845947584,1.705729376,1.337137112,1.157215338,0.996827279,0.715107952,0.29701746,-0.199592495,-0.766842612,-1.263296561,-1.507058742,-1.417146554,-1.071293125,-0.572257861,-0.165132053,0.082600112,0.139905318,0.037633397,-0.12729377,-0.217311352,-0.279065762,
Antigua and Barbuda,0.835104744,1.332876478,1.727228909,2.005472286,2.146253641,2.157965307,2.165119903,2.158291239,2.097670203,1.781187179,1.561104092,1.392885863,1.275438464,1.297971065,1.395564086,1.50944883,1.585830631,1.618469661,1.567333688,1.467063743,1.382008785,1.286878642,1.217000042,1.136486988,1.078837937,1.021843835,0.946557003,0.89718512,
Australia,1.479978016,1.274577578,1.213390775,0.978336681,1.058508842,1.208019812,1.313819299,1.11872569,1.042235716,1.192272323,1.348358342,1.220563785,1.233996663,1.159352162,1.319789554,1.475227945,0.624678435,2.00402174,2.06104513,1.555489589,1.389527316,1.745820001,1.72115144,1.491566489,1.439216653,1.561940498,1.684523108,1.574848844,
Austria,0.762001611,0.998418103,1.100552287,0.824627941,0.384869547,0.153106261,0.135019834,0.113316608,0.109728368,0.240466652,0.382799394,0.491980464,0.487133895,0.620413127,0.681267248,0.494797775,0.324146535,0.313041438,0.26195319,0.2403943,0.337080842,0.455937472,0.589387255,0.781541633,1.120992502,1.081396299,0.694621104,0.560750838,
Azerbaijan,0.44966151,1.552352725,1.515077094,1.519152695,1.351730097,1.151694447,1.009848043,0.964673774,0.949138147,0.821519964,0.774765939,0.746173583,0.757650956,0.87542728,1.022265592,1.098586574,1.133855466,2.099854033,2.076148264,1.189787708,1.303000855,1.328763827,1.293447027,1.248208997,1.191209858,1.11785721,0.981261805,0.892098895,
Burundi,2.454760909,2.28963727,2.144681936,1.959166493,1.72550793,1.482038331,1.21304826,1.018195844,1.030779152,1.767356522,2.273335218,2.699674402,3.012598038,3.170145462,3.217165882,3.246016505,3.288776865,3.301310362,3.287269847,3.256066998,3.207759114,3.159741833,3.13340508,3.136852423,3.156909217,3.177016087,3.181367524,3.166773442,
Belgium,0.298235706,0.371593166,0.405713496,0.390638518,0.308197074,0.209436838,0.195393176,0.241991885,0.213527651,0.242517956,0.343951158,0.448268895,0.418641508,0.432788248,0.550055708,0.659558215,0.734330831,0.789976845,0.804599573,0.913639392,1.301002902,0.620163579,0.471340144,0.443929288,0.579446242,0.506300002,0.385228018,0.41154188,
Benin,3.235058983,3.3771591,3.479002651,3.500773846,3.426061164,3.293613638,3.145323911,3.028375321,2.958613225,2.983994776,3.023780214,3.043082958,3.039674832,3.005342106,2.952383516,2.897544923,2.854085561,2.823555548,2.809301752,2.806086484,2.803717973,2.797648941,2.790718131,2.782181506,2.771714168,2.761409493,2.750055592,2.734862013,
Burkina Faso,2.659151577,2.676923975,2.692988242,2.709646605,2.727321991,2.74591353,2.764894998,2.783685302,2.802940418,2.841885125,2.858868603,2.875992432,2.898431555,2.927561373,2.959187776,2.989062688,3.011815794,3.024954857,3.02644987,3.019251293,3.008981855,2.997392478,2.981606475,2.961900814,2.939462977,2.915319071,2.890850806,2.867078367,
Bangladesh,2.429599019,2.325303226,2.233022266,2.16825965,2.140080738,2.134495915,2.13048473,2.111534456,2.077340311,1.95238739,1.886287145,1.820070221,1.731266118,1.615198017,1.484744774,1.347130256,1.226617775,1.145653022,1.116805726,1.124803493,1.144262127,1.15494813,1.156713453,1.142594657,1.117283565,1.091300482,1.070244022,1.050044649,
Bulgaria,-1.803750479,-0.99042598,-1.073853191,-0.797665852,-0.339586079,-0.4453985,-0.51572988,-0.608797355,-0.667302701,-0.493896417,-1.990632204,-2.17069878,-0.792113638,-0.754796951,-0.752977445,-0.759505916,-0.735282284,-0.701922745,-0.644281363,-0.658275447,-0.641228921,-0.579220596,-0.559647217,-0.568389264,-0.638069468,-0.701382098,-0.730443175,-0.733767859,
Bahrain,3.038867721,2.750322258,2.580585977,2.477998889,2.463393346,2.535706425,2.620858138,2.771997796,3.106077696,4.31530764,4.836512065,5.25020912,5.756701712,6.360159526,6.904396412,7.500231305,7.776022595,7.324342452,6.127452758,4.599778006,2.960981473,1.690591501,1.153830127,1.587749264,2.642471156,3.856582461,4.677986951,4.921161372,
Bahamas  The,1.767915704,1.850289915,1.90542672,1.876807562,1.746933796,1.560379122,1.345024017,1.183205481,1.120860244,1.347398334,1.520667125,1.652399307,1.761996908,1.824351295,1.853248287,1.882682626,1.901849904,1.847733423,1.70871838,1.515331048,1.297394475,1.108201634,0.980915204,0.93928457,0.959409324,0.990519136,1.008311908,1.010953344,
Bosnia and Herzegovina,-0.989859326,-2.130879873,-3.153651532,-3.723423115,-3.553831484,-2.768136976,-1.70216035,-0.756087034,-0.046396402,0.208738983,0.115523663,0.103128474,0.07408038,0.053704531,0.030201109,0.002469872,-0.070083064,-0.226551525,-0.489520028,-0.818827889,-1.20265119,-1.547013043,-1.745167149,-1.722562344,-1.526276235,-1.264581174,-1.031207183,-0.826854592,
Belarus,0.186649693,0.049060493,0.215580681,0.224883986,-0.117267677,-0.323196991,-0.334086977,-0.424126493,-0.475578029,-0.471131335,-0.512966688,-0.636565666,-0.699809191,-0.682169472,-0.68300556,-0.612296198,-0.458847536,-0.345415054,-0.22296073,-0.170360662,-0.183624023,-0.091637482,0.015868579,0.089902558,0.159300802,0.12551111,-0.034421419,-0.135674667,
Belize,2.20104244,1.888722037,1.658350843,1.682924606,2.032616773,2.585775045,3.186465435,3.637901042,3.835591807,3.42494863,3.084774571,2.827563862,2.650384639,2.593522892,2.604447732,2.618344801,2.60739692,2.574385215,2.520576643,2.451470158,2.381907641,2.323531697,2.256884073,2.188961079,2.118799855,2.047695884,1.980528851,1.92457577,
Bermuda,0.824255196,-0.514108485,-0.721776995,0.537588531,0.695976914,0.718138908,0.641047099,0.612017496,0.737226639,0.894182916,1.085181052,0.652758223,0.656472533,0.655349388,0.649513649,0.575178477,0.565689754,0.593330046,0.55612581,-0.780059723,-0.859898041,0.362431076,0.313281274,0.212304426,0.153517862,-1.048452613,-1.054914414,0.147164731,
Bolivia,2.115896027,2.113193123,2.109350945,2.099461032,2.083251503,2.061755709,2.037897103,2.013095505,1.98710323,1.93343126,1.905767118,1.877080341,1.847322665,1.816097236,1.784254998,1.7516249,1.719932541,1.691076655,1.666110583,1.643602456,1.622458837,1.600004605,1.574598408,1.544967683,1.512924033,1.480132784,1.44923493,1.421899486,
Brazil,1.811518179,1.759418174,1.707335299,1.664858508,1.633793357,1.609715254,1.588837626,1.56372474,1.528963703,1.424167434,1.366957076,1.312744186,1.257382738,1.201294128,1.145880998,1.090196854,1.037862037,0.994311624,0.961948263,0.937956738,0.915962656,0.893531058,0.873603191,0.855792023,0.838848283,0.823748232,0.807147162,0.783847579,
Barbados,0.37589338,0.370667606,0.373863554,0.375123836,0.385425437,0.400115068,0.410504062,0.425233622,0.427517241,0.392645061,0.362122764,0.338874712,0.330075479,0.347517603,0.376717927,0.416757555,0.439788762,0.446079294,0.41279802,0.364679446,0.302945811,0.251638162,0.20986071,0.185900767,0.175042007,0.165289294,0.152789486,0.142439723,
Brunei Darussalam,2.847428342,2.853520999,2.844839711,2.804135687,2.722116477,2.61195138,2.495576018,2.379689964,2.277384822,2.1096517,2.040774985,1.965072783,1.860140053,1.723004885,1.568184375,1.400393036,1.261912434,1.181371824,1.175132443,1.227117263,1.288981384,1.337513016,1.352256699,1.313717171,1.246081245,1.172400865,1.10699921,1.051993743,
Bhutan,1.638239725,0.718582153,-0.021699522,-0.359850151,-0.131330145,0.510635258,1.272221493,1.874230428,2.270173455,2.248358465,2.112644398,2.029819014,1.900758029,1.733113342,1.541558106,1.32773939,1.129268455,1.008172467,0.99412939,1.052929968,1.130704583,1.187928924,1.22609147,1.233911551,1.219146338,1.206226624,1.195337374,1.176843395,
Botswana,3.340333628,3.028537543,2.76848286,2.57417937,2.46725648,2.419145312,2.391314201,2.344487226,2.271995769,2.032896436,1.889380292,1.773421002,1.730526111,1.778885026,1.882508206,2.026487056,2.131424745,2.119781897,1.957036327,1.705719395,1.413987357,1.191100637,1.120660803,1.256439448,1.525307942,1.832852792,2.070326167,2.197675758,
Central African Republic,2.197309532,2.525092196,2.765867515,2.894704298,2.875578887,2.757190552,2.620834571,2.513403742,2.418780432,2.289845843,2.216501186,2.129491567,2.057857877,2.007297035,1.963165759,1.954024747,1.922623931,1.779120362,1.49251562,1.126577396,0.723831391,0.401556668,0.259489943,0.364290952,0.647403919,0.985894486,1.277504136,1.519051537,
Canada,1.507660673,1.242761231,1.183675541,1.098930879,1.095258107,1.034769484,1.045311783,0.993788591,0.829909353,0.931281553,1.086350966,1.087447927,0.901372739,0.933020777,0.944466927,1.010334503,0.971135141,1.082907116,1.141758099,1.111864075,0.978697787,1.085817263,1.056591259,1.005337579,0.746339478,1.132348655,1.185925675,1.409246617,
Switzerland,1.026873072,1.249826024,1.102521072,0.910715566,0.797158411,0.668242326,0.441636407,0.24089121,0.297135766,0.561954617,0.632771238,0.756469146,0.741919603,0.68742596,0.64060154,0.627558473,0.893690978,1.270618074,1.249484631,1.041558058,1.111878943,1.061819329,1.149879758,1.220103973,1.138337152,1.092031174,0.933155889,0.762633818,
Channel Islands,0.78360687,0.564264376,0.380283589,0.287602028,0.314079858,0.433740164,0.591345589,0.716586661,0.770892327,0.600005854,0.439605467,0.334122637,0.315019749,0.430874649,0.636258157,0.873035484,1.058376043,1.155383526,1.109317789,0.978895056,0.78820108,0.655001196,0.604134796,0.649269563,0.780009114,0.9256539,1.03818709,1.081493246,
Chile,1.639514769,1.6484197,1.650306531,1.627507353,1.575222485,1.502984484,1.425751282,1.353958013,1.286896556,1.177211428,1.126185835,1.078812927,1.048038262,1.037642801,1.042009582,1.055926534,1.068537508,1.071437972,1.059280301,1.03892916,0.997439115,0.963057457,0.978852117,1.061145126,1.177757471,1.325201606,1.425185044,1.391010541,
China,1.467303211,1.364434008,1.225536228,1.149619431,1.130260632,1.086509151,1.048141514,1.023450024,0.959550406,0.787956593,0.726380638,0.669999568,0.622860936,0.593932815,0.58812499,0.558374367,0.522271866,0.512386932,0.497381401,0.482959689,0.479150454,0.487231118,0.493709634,0.506311592,0.508136747,0.541478512,0.559121331,0.455899679,
Cote d'Ivoire,3.606675304,3.603345191,3.575491686,3.521456277,3.434919056,3.324635955,3.224715856,3.12509846,2.98687471,2.598674067,2.392101929,2.221114226,2.11353752,2.085444797,2.114434812,2.158036592,2.195517817,2.240257565,2.287160067,2.334565367,2.385511855,2.435928938,2.476674322,2.504548687,2.522094681,2.536099761,2.54780739,2.552358861,
Cameroon,3.053669227,2.992312894,2.935478608,2.875114518,2.81216431,2.750755861,2.690145732,2.639267039,2.610002071,2.621099328,2.639640035,2.655704619,2.673762976,2.692203013,2.709802767,2.727108707,2.742005436,2.750797225,2.752312198,2.747773491,2.740435666,2.731263968,2.718244285,2.701555717,2.68179173,2.660494609,2.637694363,2.612290751,
Congo  Dem. Rep.,3.370801299,3.676579976,3.893522906,3.892612009,3.635565801,3.234479176,2.800990199,2.471556494,2.306867985,2.550436336,2.769272496,2.936361326,3.068268818,3.145497838,3.184222392,3.21879547,3.261382602,3.293973839,3.31689666,3.331131654,3.337677422,3.337564776,3.331362952,3.319676665,3.30283221,3.282914628,3.258508351,3.2266989,
Congo  Rep.,2.734463971,2.744153098,2.7543867,2.76942147,2.791743601,2.816428164,2.849930936,2.88251703,2.899947445,2.886358372,2.853372225,2.832587302,2.874414339,2.994011755,3.149094483,3.321895971,3.437512885,3.432735093,3.283536842,3.049010156,2.794481941,2.590901936,2.465109065,2.440638958,2.483608177,2.539585634,2.570629914,2.5817013,
Colombia,1.967956348,1.961633512,1.94850158,1.924009924,1.884887437,1.835615888,1.782274066,1.731089702,1.683637926,1.60375178,1.567264159,1.526919519,1.477721636,1.41717845,1.349744709,1.288737445,1.234496459,1.1761571,1.112485691,1.050652174,0.969133686,0.902010125,0.90829254,1.009872269,1.167245179,1.360060673,1.503387796,1.517270891,
Comoros,2.949330295,2.939409627,2.923771588,2.896370786,2.853133191,2.797965538,2.745548333,2.690707259,2.640770438,2.522340022,2.464237891,2.415507265,2.382713421,2.374990806,2.382366955,2.39064349,2.396717366,2.403628365,2.408719056,2.412541877,2.417574078,2.419233782,2.406870493,2.383357478,2.347041066,2.310060155,2.274118744,2.239170611,
Cabo Verde,2.023894084,2.420533855,2.714461942,2.853021815,2.789287311,2.590184545,2.366137218,2.182153925,2.021438293,1.82320284,1.741223785,1.648456512,1.563286066,1.475295001,1.395120105,1.316900995,1.247593573,1.209762197,1.204959629,1.221877199,1.251037486,1.270619062,1.280864881,1.266209611,1.241420644,1.212831744,1.188624222,1.159766769,
Costa Rica,2.611846289,2.615090559,2.602709407,2.576515688,2.533712697,2.475724528,2.419434204,2.355797611,2.258233718,1.960917604,1.79339476,1.643577458,1.52763208,1.456706771,1.418175152,1.388287781,1.353523048,1.319338699,1.282650394,1.245064785,1.209682364,1.178288353,1.147549943,1.117473924,1.086952795,1.057570381,1.02767609,0.994782258,
Cuba,0.881624408,0.719825356,0.587065753,0.491683186,0.454564564,0.45833058,0.467675985,0.460021264,0.444517326,0.376028645,0.343070038,0.31285576,0.263339744,0.188455802,0.099653761,-0.00296588,-0.089959437,-0.125853285,-0.091365268,-0.007812033,0.096498608,0.18165923,0.227322223,0.214098396,0.157999772,0.091156671,0.03660521,-0.009886496,
Curacao,-1.051535839,-0.688056323,-0.340600021,0.268553409,0.229122134,0.351314684,0.800841488,0.443290344,-1.70475051,-4.075386132,-3.661779858,0.12236112,2.062102467,1.725029528,2.550073807,2.568114257,1.974862198,1.258225307,0.651152062,1.265514155,1.420897663,0.829929595,1.133678907,1.347641396,1.319593903,1.060316441,0.319536038,-0.20373479,
Cayman Islands,5.160108012,4.752514186,4.551260388,4.535597693,4.851328044,5.272439938,5.736047015,5.957244571,5.836387989,4.553329355,3.785326342,3.172095809,2.785477371,2.687025646,2.797543573,2.958186124,2.989933458,2.932849962,2.722827106,2.410960217,2.105708532,1.848797909,1.638526018,1.516836501,1.429388302,1.359711357,1.290996168,1.241823478,
Cyprus,2.051648665,2.130632904,2.208413745,2.239871528,2.218158216,2.159383825,2.087065272,2.013767371,1.945955936,1.844985508,1.784697862,1.722906073,1.684766829,1.68120165,1.693210951,1.721561603,1.726368247,1.664159945,1.515871507,1.314447193,1.092417604,0.903859855,0.774057448,0.733317428,0.752185523,0.789478236,0.807965016,0.809225398,
Czech Republic,-0.267830773,-0.240064842,0.102241165,0.103947042,0.036121766,-0.061314063,-0.116381299,-0.107762749,-0.094744752,-0.280414108,-0.375719704,-0.192901618,-0.028620591,0.030434848,0.13832598,0.270795629,0.583542205,0.829412603,0.569729451,0.291361674,0.206747667,0.139925656,0.033169946,0.105277582,0.196588748,0.192048416,0.265642664,0.294597801,
Germany,0.861969449,0.728605547,0.760346947,0.657391218,0.346856649,0.293904444,0.289474899,0.146313282,0.015143651,0.1354316,0.168225361,0.168128319,0.055363304,-0.021709728,-0.056778262,-0.112797498,-0.133718573,-0.190142845,-0.25338341,-0.153198447,-1.853714629,0.187727801,0.272900215,0.416877359,0.865702644,0.807218539,0.37372456,0.32722815,
Djibouti,4.598379808,2.747487063,1.343831245,0.55790389,0.62392364,1.280715871,2.082581181,2.6385242,2.922689218,2.484539383,2.127615157,1.882137268,1.685841505,1.562421579,1.49868677,1.433524124,1.3610091,1.345061526,1.394637918,1.483821493,1.591180954,1.679899653,1.730858448,1.728785489,1.6878089,1.640637851,1.599962382,1.557873607,
Dominica,-0.430772513,-0.063923635,0.241275185,0.406012936,0.298856954,0.07738795,-0.228114494,-0.476208198,-0.588136711,-0.265261653,0.015792005,0.252333501,0.375883876,0.401475461,0.293677634,0.182581239,0.108823935,0.04519072,0.033879643,0.038100883,0.053598884,0.069071972,0.071840601,0.097114032,0.137768178,0.174047346,0.21153652,0.233431052,
Denmark,0.16245632,0.259518212,0.330671402,0.333166396,0.337707376,0.520962181,0.565926342,0.415564969,0.363162524,0.334233619,0.358315679,0.319487125,0.272010444,0.258432282,0.275481733,0.328645159,0.443466054,0.58754759,0.535079062,0.444197155,0.411737855,0.376272243,0.416901361,0.507053283,0.70642385,0.780392644,0.643350904,0.561579124,
Dominican Republic,1.919276723,1.901139209,1.879411402,1.847231409,1.802313633,1.748614536,1.693115709,1.641772918,1.595473223,1.522967473,1.491305689,1.459008715,1.426367483,1.392770501,1.359195692,1.325957163,1.295178505,1.268457779,1.246805455,1.228584074,1.21066679,1.192277887,1.174368643,1.157205552,1.13957128,1.122509257,1.103628391,1.078841148,
Algeria,2.566456571,2.460315893,2.350327326,2.221629372,2.070857751,1.909821478,1.753175796,1.615283298,1.500885768,1.358407806,1.30984253,1.275065543,1.275914635,1.317846191,1.389900523,1.471122982,1.551382583,1.636192663,1.722093224,1.805018696,1.883313834,1.951415209,2.002727839,2.033592452,2.045387243,2.051354584,2.044952503,2.00737383,
Ecuador,2.364411356,2.333451074,2.299960305,2.263604202,2.224186656,2.181622631,2.14159625,2.099269021,2.045603524,1.902742082,1.824913249,1.756103468,1.706463013,1.681486218,1.673564212,1.675026183,1.672866586,1.659163647,1.628720225,1.589348217,1.53872479,1.498947998,1.496886223,1.543740767,1.617888472,1.70688086,1.768538648,1.765611201,
Egypt  Arab Rep.,2.426645688,2.272174341,2.140232291,2.04793304,2.008964138,2.006437925,2.013151446,2.008942707,1.995601608,1.930382623,1.901136361,1.881450018,1.858612723,1.831333842,1.805707506,1.771855438,1.75170475,1.778686233,1.864470038,1.984783112,2.113785288,2.214742178,2.267940686,2.25924945,2.207038658,2.14522549,2.09083472,2.033262176,
Eritrea,1.225550408,0.340551987,-0.387360745,-0.843824551,-0.906254632,-0.642512632,-0.352581758,-0.058520241,0.511313904,2.428957109,3.527409475,4.38047041,4.720052368,4.467384542,3.853599765,3.187325236,2.648825363,2.18657189,1.84846867,1.606144198,1.363875294,,,,,,,,
Spain,0.101828843,0.254527425,0.489757905,0.518543521,0.476100555,0.44136575,0.416515798,0.419119517,0.413847481,0.447137015,0.694068084,1.412595405,1.808454468,1.725466303,1.689349047,1.690352556,1.851081308,1.595330499,0.885735981,0.460408305,0.355338396,0.064925963,-0.32766904,-0.298951059,-0.077588862,0.083369566,0.235648507,0.279719893,
Estonia,0.066490191,-0.502159185,-1.824181555,-2.574319978,-2.138588635,-1.785399536,-1.475364638,-1.14091924,-0.960559005,0.483707162,-0.636963124,-0.633433796,-0.627622448,-0.59782051,-0.572255525,-0.58965556,-0.456188535,-0.26813372,-0.192768077,-0.228057969,-0.303582824,-0.357944411,-0.355891803,-0.262256175,0.06555253,0.029112226,0.121070631,0.26532574,
Ethiopia,3.431864372,3.532966941,3.590511792,3.575621886,3.476551667,3.327275116,3.167001902,3.03401469,2.938856113,2.882672549,2.879434156,2.867363896,2.850948298,2.826388183,2.798329264,2.768139861,2.745954395,2.741022523,2.756851322,2.783770941,2.812610345,2.829617214,2.827018361,2.799921862,2.756127788,2.708106304,2.663467978,2.620013482,
Finland,0.443382074,0.546172018,0.561909851,0.483854089,0.431048903,0.381655333,0.328037914,0.29737733,0.265472962,0.207606515,0.227687342,0.24238105,0.23845724,0.290350362,0.342248594,0.383777136,0.425429832,0.465549285,0.478246393,0.457494535,0.463558707,0.475809487,0.460723773,0.413560208,0.329383886,0.287421402,0.234670532,0.178410432,
Fiji,0.547632852,0.932810215,1.22552839,1.399752885,1.400285413,1.273967059,1.148997999,1.058900709,0.93177052,0.581584998,0.35927718,0.163517679,0.100408693,0.218368493,0.456735434,0.759761008,0.999972276,1.090789507,0.974228982,0.721469407,0.421409494,0.187443865,0.062287766,0.097571629,0.250593764,0.433308394,0.578334254,0.684181932,
France,0.508686594,0.554158664,0.497240931,0.433292244,0.372231503,0.361249895,0.354082271,0.353750159,0.368597839,0.684929254,0.727786405,0.727231515,0.708779199,0.736313541,0.753800832,0.697207001,0.618697376,0.558854359,0.514489504,0.494035951,0.483658695,0.48400512,0.514784474,0.479785542,0.417225967,0.399244807,0.008040387,0.182439829,
Faroe Islands,0.228716745,-0.326292215,-0.811860541,-1.017158385,-0.890129843,-0.505023974,-0.021920211,0.396014126,0.652942728,0.641832816,0.559042125,0.500903095,0.420430556,0.353565483,0.255974626,0.146575397,0.069025385,-0.01045533,-0.025097252,0.012549413,0.018821168,0.041812139,0.102365915,0.14188543,0.189561669,0.253575128,0.32744786,0.342876364,
Micronesia  Fed. Sts.,2.357772149,2.531521195,2.617068909,2.460865326,2.014881567,1.403850569,0.73384624,0.146678317,-0.251052336,-0.352258675,-0.213445263,-0.133518225,-0.120599647,-0.258516671,-0.466267049,-0.716787939,-0.883641333,-0.866405724,-0.550074504,-0.062170329,0.522386716,1.015608183,1.349625109,1.424765867,1.339571942,1.204888841,1.122380666,1.054008214,
Gabon,2.752363979,2.731733369,2.709073344,2.676756494,2.633268158,2.585428956,2.548842404,2.518261818,2.485462581,2.414870179,2.384559664,2.380961999,2.426096691,2.531562987,2.678687342,2.808209914,2.92318367,3.073677791,3.264323666,3.458586132,3.657047821,3.788513401,3.779180691,3.606514936,3.335098786,3.043395155,2.796855564,2.602954061,
United Kingdom,0.298930554,0.309247932,0.270431182,0.239745439,0.254586487,0.264547417,0.254626384,0.257553323,0.291406085,0.357300887,0.38497597,0.42333708,0.465641114,0.568943113,0.686611306,0.735048678,0.778666112,0.787032622,0.75639086,0.783888647,0.781677289,0.695315843,0.669533807,0.753349499,0.794967909,0.714030265,0.703806068,0.649023745,
Georgia,-0.027068389,0.703475649,0.77451105,0.768558451,-1.539430121,-3.757716068,-3.62954608,-3.207518172,-2.474222976,-1.944629157,-1.551238397,-0.897253673,7.786010249,-9.080638465,-0.635292218,-0.568484712,-0.521646734,-0.303790529,-0.888185043,-0.729475257,-0.80216404,-0.736565519,-0.300972141,0.0469539,0.157481405,0.059816599,0.013386075,0.080332445,
Ghana,2.883239595,2.89600409,2.890407572,2.855531286,2.785186073,2.694865393,2.601561079,2.52470467,2.471692902,2.449490386,2.449526332,2.447184688,2.458459468,2.484618189,2.517455761,2.554408108,2.5799944,2.578727625,2.54383881,2.487041563,2.424369788,2.369475311,2.323851599,2.291780693,2.268814549,2.246599268,2.22053243,2.192828837,
Gibraltar,-0.137141311,-0.429782848,-0.629085065,-0.57376494,-0.254901756,0.314169281,0.967699139,1.497141652,1.816240643,1.77909442,1.675241399,1.569792376,1.40126332,1.139239296,0.879864173,0.594275115,0.298802027,0.125231098,0.017877361,0.059568133,0.080360735,0.101103223,0.136624216,0.097898164,0.032611435,0.002964149,-0.026680501,-0.029653353,
Guinea,2.952475994,2.834873683,2.733538465,2.661220527,2.632091981,2.627318597,2.635754789,2.622057854,2.560313058,2.282782176,2.117416133,1.987849488,1.926553518,1.953244988,2.03871433,2.148575191,2.238929422,2.291532239,2.290858042,2.259470138,2.215186971,2.19781536,2.235254811,2.342417883,2.48970209,2.644487343,2.765010865,2.833136353,
Gambia  The,4.271427654,3.806921449,3.44583105,3.197744901,3.095268431,3.092130547,3.098474998,3.081926914,3.083834438,3.127234728,3.164904077,3.197207573,3.200064519,3.163525929,3.106160117,3.043371713,2.996114606,2.970180788,2.974008271,2.995405745,3.018401286,3.030426733,3.034826759,3.026045177,3.008473803,2.988605658,2.968565918,2.946722281,
Guinea-Bissau,2.226160605,2.256907618,2.262678102,2.236094899,2.173119626,2.088791607,1.998441732,1.932622403,1.911919853,2.032501418,2.125341539,2.204106943,2.273916047,2.325045806,2.365272756,2.39870954,2.43543698,2.476478494,2.52396916,2.573083429,2.618127055,2.651065872,2.660769355,2.645231787,2.610508916,2.570575611,2.532080949,2.493771961,
Equatorial Guinea,3.044041827,3.20786718,3.275531748,3.378923338,3.496244008,3.621794692,3.769872487,3.91701608,4.024829235,4.110344072,4.11821521,4.142757429,4.205674188,4.315961875,4.444830589,4.558845912,4.631807058,4.654911278,4.626119686,4.557382417,4.477741442,4.394863172,4.291977218,4.172454906,4.042030141,3.911232347,3.780716547,3.654506773,
Greece,1.057808012,1.200352537,0.763882722,0.588261919,0.500703438,0.467197289,0.440670531,0.493267145,0.554211903,0.409041838,0.519884464,0.366566462,0.238643175,0.247413543,0.293249074,0.300331801,0.254757582,0.265457837,0.263026401,0.128880433,-0.147951277,-0.540752951,-0.725120807,-0.66611329,-0.658861361,-0.415913028,-0.197783225,-0.251471725,
Grenada,-0.613698855,0.133823694,0.728214968,1.090110337,1.135743196,0.937694709,0.708437105,0.558826145,0.445999521,0.390714939,0.403723338,0.372191475,0.35735136,0.32829088,0.300467194,0.25954956,0.24461875,0.252556556,0.315273995,0.418825074,0.528567764,0.606792314,0.671566786,0.67443316,0.637985514,0.602203221,0.554413883,0.52175283,
Greenland,0.541029273,-0.18001805,-0.361011222,-0.180995525,0.542006747,0.539084863,0.179051077,0.178731057,0.178412179,0.178094437,0.266548359,0.458574268,0.275195545,0.256870545,0.04216222,-0.283179181,-0.386485847,-0.402186877,-0.008876974,1.028023326,-0.026363197,-0.140721219,-0.577265865,-0.333398667,-0.322038549,0.128227978,-0.026700606,-0.26025898,
Guatemala,2.329959735,2.341345854,2.347712905,2.342909992,2.323262246,2.295367826,2.262581971,2.238010689,2.233102129,2.287977379,2.326255366,2.352842631,2.36059488,2.343802411,2.310407043,2.272339068,2.238733235,2.209666594,2.187979669,2.170655391,2.152851204,2.130983777,2.106192625,2.077687195,2.046250883,2.013931786,1.981532621,1.948798636,
Guam,2.294638748,2.330055421,2.319437929,2.261135717,2.111747853,1.913618733,1.702235428,1.503565962,1.304797413,0.889808705,0.687777388,0.494297463,0.343609119,0.243178153,0.190203626,0.155180602,0.125356321,0.118911689,0.119398497,0.136818674,0.155419664,0.190185488,0.256552046,0.378940355,0.518477695,0.676102623,0.812883412,0.901084422,
Guyana,-0.305730532,0.156608892,0.552953837,0.737586409,0.62814144,0.315093075,-0.065173718,-0.372013216,-0.554591208,-0.395485914,-0.2022896,-0.055973344,0.047518948,0.079684486,0.057108387,0.024120506,0.017550711,0.045938803,0.120572634,0.229502209,0.345263366,0.447252918,0.513111451,0.53787404,0.52939348,0.511309291,0.49851809,0.486803065,
Honduras,2.878416286,2.850591078,2.824962111,2.81497548,2.824691985,2.843580644,2.862721962,2.867356127,2.84880678,2.734716347,2.662582556,2.592802294,2.523064126,2.45520236,2.388293415,2.323164348,2.256419967,2.184288936,2.105493627,2.024510729,1.943145198,1.869298244,1.810108271,1.769416748,1.741494121,1.717638855,1.692228879,1.667103614,
Croatia,0.211805086,-1.866573531,-2.443855137,0.537147004,1.114544311,-0.690119514,-1.371540059,-0.487835515,-0.061431194,-0.986434859,-3.847670727,0.058871291,0.028469923,0.027904279,0.128732789,0.023523124,-0.02185266,-0.011879458,-0.105027517,-0.226821271,-0.345264228,-0.305655945,-0.278509063,-0.407343185,-0.824099164,-0.698383457,-1.200610165,-0.855405633,
Haiti,2.011624936,1.979310739,1.943571018,1.910670592,1.880569467,1.852983751,1.827107674,1.802055672,1.776663746,1.725004718,1.69881887,1.67407307,1.653508842,1.637876005,1.624945682,1.612725475,1.598145448,1.580356023,1.557952965,1.53214301,1.506269837,1.480132666,1.450208242,1.416131147,1.379519207,1.341320934,1.305066708,1.273996399,
Hungary,-1.033117297,-0.005668183,-0.039136583,-0.114035594,-0.136883104,-0.139220004,-0.171771609,-0.201458936,-0.232679337,-0.259764908,-0.229379183,-0.284751377,-0.286433268,-0.221439379,-0.198878843,-0.155716485,-0.154915158,-0.175097367,-0.154908814,-0.226013876,-0.283360436,-0.516437607,-0.275368757,-0.269378767,-0.237855002,-0.295110605,-0.265860932,-0.19615739,
Indonesia,1.782055536,1.736904282,1.690942833,1.643704881,1.593867908,1.543735254,1.49534171,1.4527283,1.418767471,1.379909528,1.368094549,1.357351258,1.348842378,1.341877472,1.33630105,1.329580868,1.32383679,1.323330908,1.329218178,1.337774157,1.347997889,1.351892192,1.340921601,1.310876905,1.267465577,1.219765616,1.175102592,1.133769861,
Isle of Man,1.47747466,0.897832272,0.452928629,0.243899141,0.325671723,0.653724371,1.030289993,1.324919877,1.469181561,1.229239629,0.985497229,0.788359497,0.720095731,0.80301434,0.982332317,1.212961217,1.37210219,1.325991607,1.034056532,0.568448583,0.034169303,-0.416718917,-0.661094694,-0.582813478,-0.304699076,0.063655637,0.372712179,0.571344927,
India,2.076088739,2.039729635,2.003177618,1.97063456,1.943244886,1.918940549,1.89521886,1.869172711,1.839658073,1.768125412,1.728767638,1.689562681,1.651490906,1.61530759,1.57971029,1.545696178,1.50922207,1.46489008,1.4105823,1.350339045,1.28857558,1.231622928,1.18301607,1.145623988,1.116633091,1.08988008,1.062597394,1.03732336,1.03732336
Ireland,0.084413021,0.574927781,0.682256778,0.499840487,0.394187639,0.512695055,0.791271347,1.002814735,1.043076836,1.333042666,1.59215149,1.685148857,1.628950962,1.828313818,2.178703014,2.696005644,2.890960005,2.038708011,1.015663276,0.544884384,0.436072439,0.423743803,0.526556159,0.731001377,0.944845307,1.128834064,1.088675561,0.954742911,
Iran  Islamic Rep.,2.777836171,2.302375559,1.891421037,1.592204252,1.440999844,1.396445068,1.377543426,1.341619,1.314685246,1.261323234,1.250400578,1.249787567,1.237968733,1.208619811,1.169424021,1.129472295,1.101862154,1.093200579,1.108950735,1.142144939,1.175824658,1.205151389,1.239418332,1.278126816,1.316350598,1.356248244,1.385380473,1.386479705,
Iraq,2.465192822,2.664360506,2.828758383,2.957299273,3.035763591,3.074156508,3.096742306,3.109960929,3.098707676,3.004659173,2.979294266,2.945827753,2.818021457,2.576587583,2.285938465,1.934347802,1.673193853,1.685735606,2.048283545,2.618942811,3.252703811,3.720640652,3.896253775,3.714855313,3.316223191,2.877254128,2.540874669,2.318464028,
Iceland,0.777662199,1.15914942,1.256632077,1.016811928,0.866835947,0.542467998,0.539913017,0.819197091,1.070859043,1.369192833,1.329295255,0.892596377,0.69249762,0.877936158,1.582891978,2.34742243,2.530085489,1.859572171,0.341241979,-0.143903,0.305468368,0.532100735,0.9458859,1.112504755,1.041940387,1.388081496,2.345582676,2.919685018,
Israel,3.094603009,6.017008783,3.455466899,2.658091779,2.589262849,2.668286957,2.616505943,2.498395043,2.28687869,2.642331913,2.357117299,2.014058394,1.805519759,1.767623642,1.762897661,1.767805874,1.776100869,1.776579106,2.390207338,1.82675241,1.848077862,1.846151321,1.866052895,1.919543799,1.981288976,1.960348962,1.938725674,1.937879943,
Italy,0.083708573,0.069231189,0.067924433,0.061135853,0.020372074,0.001588562,0.028104408,0.05290695,0.028774016,0.045303631,0.056167601,0.148916429,0.444507313,0.647182705,0.491389108,0.300559689,0.504933687,0.662469253,0.45561345,0.307591222,0.171978291,0.26954124,1.159251117,0.917504096,-0.096376133,-0.169884073,-0.149861117,-0.174304004,
Jamaica,0.681766636,0.799635479,0.886263059,0.951635185,0.979737188,0.978362092,0.978966837,0.983138282,0.961224966,0.83315911,0.750594162,0.676028327,0.614260869,0.573306846,0.54850826,0.524315914,0.500486864,0.491847719,0.500600485,0.521664591,0.548898908,0.571731466,0.581564956,0.572985316,0.550974945,0.524973438,0.50162356,0.47823514,
Jordan,4.78353187,5.313719152,5.614585994,5.475797133,4.850139718,3.967183054,3.090048062,2.414943174,1.949182856,1.787101363,1.834569219,1.901746964,2.167663534,2.655147125,3.268279206,3.843317915,4.307743286,4.702766143,5.009055408,5.204766722,5.382885713,5.431586568,5.172912275,4.583580445,3.811240004,3.028091537,2.356016488,1.792156922,
Japan,0.341370597,0.310355946,0.248237081,0.246819413,0.340685789,0.381789601,0.25318888,0.238271218,0.27172961,0.167275578,0.240952588,0.232527187,0.213980949,0.033662258,0.009392097,0.063373589,0.114908848,0.048425395,-0.012494631,0.017960542,-0.185226486,-0.159710676,-0.144271883,-0.132694222,-0.106124994,-0.115284177,-0.164484036,-0.202670345,
Kazakhstan,0.604342663,0.625030618,-0.069353244,-0.66327745,-1.450853619,-1.752259011,-1.514558064,-1.579964178,-1.726094321,-0.300549816,-0.170069526,0.004125545,0.336402206,0.694922853,0.888891382,1.057664776,1.143857766,1.21836561,2.637004543,1.413271477,1.431506409,1.408676972,1.439445441,1.472676743,1.461484685,1.42204614,1.360381269,1.314780146,
Kenya,3.384345997,3.304696282,3.22760537,3.148732286,3.06803937,2.989260583,2.914286538,2.848934797,2.798516498,2.745984467,2.728033491,2.712391179,2.709600176,2.720796213,2.739229463,2.757906955,2.768559996,2.767253963,2.750846669,2.722585637,2.693732572,2.66270486,2.618524437,2.55944065,2.491936871,2.421143197,2.356812573,2.305948675,
Kyrgyz Republic,1.924484883,1.635307708,1.153816119,0.028786218,-0.035430369,0.998300396,1.480089704,1.458502175,1.534038154,1.191125924,0.948856614,0.917899317,1.048444924,1.210105425,1.127864459,1.075051294,0.953586964,0.950220145,1.207265644,1.192864429,1.216890729,1.665236559,1.984738667,2.006107899,2.059025966,2.037224422,1.933647156,1.879550296,
Cambodia,3.218301299,3.435364223,3.538535244,3.540565689,3.422605222,3.225591011,3.020500148,2.833775859,2.637006602,2.236050134,2.03722363,1.855404003,1.713676066,1.62260232,1.570923651,1.527856858,1.489499886,1.479300731,1.499593573,1.539208139,1.588817643,1.630429697,1.64984965,1.638083897,1.603706854,1.565227051,1.530261745,1.490355371,
Kiribati,2.159899117,1.768794574,1.446899105,1.262626256,1.252099883,1.36407263,1.506802608,1.614215703,1.692849388,1.701680563,1.706993194,1.681779592,1.737298151,1.855808443,1.997615982,2.162211648,2.288568473,2.288002803,2.172441727,1.959279184,1.734651379,1.555706939,1.41886073,1.381643013,1.397075206,1.426716047,1.441692152,1.468690124,
St. Kitts and Nevis,-0.235694104,0.297626649,0.784453182,1.070496096,1.164939702,1.092123507,0.948569485,0.888332202,0.852749867,1.04918397,1.184139782,1.261101335,1.27819056,1.255582912,1.144022522,1.023406953,0.923080243,0.84824868,0.855518526,0.854382086,0.875461346,0.885905889,0.886074168,0.876322308,0.841371154,0.82079272,0.810267769,0.757999916,
Korea  Rep.,0.985130494,0.989785982,1.039161356,1.015821437,1.006157245,1.006200855,0.952779422,0.937713809,0.721865018,0.836180864,0.767241775,0.577957277,0.518321453,0.396331437,0.211997784,0.52519994,0.505234033,0.759316682,0.514682828,0.498225084,0.768971759,0.525713661,0.455218622,0.628149861,0.527288497,0.451318044,0.42934523,0.327939403,
Kuwait,0.122584821,-3.104372738,,,,,1.296496276,4.999313436,6.828418848,4.678993919,2.80410475,1.590259062,1.145914378,1.782025545,3.118608063,4.457107085,5.345891786,5.892757909,6.028276352,5.879590562,5.721612386,5.549848598,5.165338271,4.561042817,3.844181983,3.113053701,2.476711432,1.982439531,
Lao PDR,2.849364709,2.796386946,2.728111378,2.622719007,2.47775852,2.309311825,2.137567433,1.982165599,1.849739206,1.67356146,1.600327521,1.534751208,1.506710686,1.522747766,1.567736845,1.627903424,1.677145842,1.695765498,1.672871607,1.621970051,1.562373505,1.516011911,1.490482499,1.493868185,1.515739448,1.540943466,1.553620994,1.548022991,
Lebanon,2.770924062,4.146172272,5.150527135,5.378932175,4.730001211,3.607654464,2.305312381,1.314048768,0.95474793,2.503561342,3.784653409,4.679654278,4.812037969,4.04180915,2.792219198,1.289649355,0.159356026,-0.054615545,1.008281138,2.867977696,4.910333173,6.263879893,6.567952103,5.713767406,4.225187136,2.69490347,1.490111794,0.54245866,
Liberia,-1.459447095,-1.738263241,-1.905909172,-1.253056935,0.494249077,2.88612331,5.509748793,7.390740118,7.902190372,5.363199244,3.635837846,2.368602914,1.7152445,1.886286234,2.595928712,3.393924383,3.908540976,4.129405005,3.974256763,3.590031659,3.188794759,2.90010564,2.688021909,2.583161272,2.552864685,2.529283132,2.485644197,2.452522593,
Libya,2.457958916,2.395887054,2.319658703,2.216714209,2.07586886,1.916136405,1.750135232,1.611903433,1.527409756,1.541621852,1.580551402,1.600878048,1.604426812,1.58170034,1.537292995,1.510586351,1.482366166,1.395472943,1.23412792,1.032782823,0.799933426,0.611354689,0.549084368,0.657259875,0.88070131,1.1440289,1.354885849,1.47586739,
St. Lucia,1.630375622,1.420810549,1.252877917,1.156520085,1.160530475,1.224184932,1.328374916,1.387192091,1.387165504,1.112534091,0.920910391,0.763927373,0.71142641,0.797904626,0.984532893,1.194668677,1.356095492,1.405028296,1.291539494,1.07651499,0.834603805,0.625800617,0.489611577,0.440124485,0.464437831,0.500070651,0.515820624,0.514822934,
Liechtenstein,1.188035917,1.277024326,1.342164854,1.417843937,1.493380513,1.481121912,1.504174403,1.52587721,1.499848823,1.258488552,1.102864211,0.969887925,0.86990292,0.807266832,0.754720564,0.737629451,0.703836949,0.718654066,0.719124423,0.744555245,0.827262731,0.88331073,0.867454351,0.779431377,0.661376301,0.500480227,0.376368755,0.29058269,
Sri Lanka,1.272186385,1.204529504,1.140230455,1.054375069,0.942024163,0.816986744,0.679463529,0.562526437,0.505996692,0.610655198,0.711764113,0.793974563,0.8439313,0.84492071,0.810825506,0.769526256,0.738897291,0.7128032,0.695753117,0.684554667,0.673547206,0.12899381,0.780301448,0.933207943,0.919811027,1.104983619,1.130220486,1.048392958,
Lesotho,2.206652137,2.251330183,2.255300388,2.216806952,2.122374401,1.98276566,1.862513201,1.729930503,1.486425254,0.645178652,0.144326841,-0.290783611,-0.567219802,-0.616657621,-0.491048834,-0.309830549,-0.151727736,0.010417581,0.150958226,0.27347703,0.410365414,0.557534246,0.669173754,0.732722394,0.759743303,0.773100849,0.787780034,0.796281137,
Lithuania,0.36799903,0.170116869,-0.108586325,-0.474107543,-0.694003963,-0.769728018,-0.760343408,-0.737830358,-0.724436207,-0.70338544,-0.824008723,-0.802765711,-0.812278097,-1.122991275,-1.628401126,-1.596378318,-1.187947957,-1.028483175,-1.110345754,-2.09694342,-2.258463899,-1.341201988,-1.012007368,-0.859827343,-0.940753797,-1.270694533,-1.398322201,-1.383804311,
Luxembourg,1.251745707,1.33968317,1.328347571,1.342387029,1.361840137,1.404742464,1.361143941,1.253502484,1.243870803,1.344082996,1.190456345,1.047660816,1.21520088,1.421332565,1.530054663,1.595051918,1.544386847,1.787496632,1.85177523,1.825405804,2.222660503,2.4015419,2.311176253,2.356978705,2.359951181,2.155311988,2.430976418,1.892314684,
Latvia,-0.142736398,-0.473114694,-1.376795066,-1.971932096,-1.673828701,-1.425810812,-1.126375096,-0.996762289,-0.942918937,-0.963935407,-1.291486944,-1.161838224,-0.966400801,-1.091312956,-1.080571457,-0.917272957,-0.816175507,-1.050939544,-1.651024968,-2.08130509,-1.820767002,-1.240359153,-1.071034803,-0.941743354,-0.818626341,-0.913885332,-0.886215573,-0.811937907,
Morocco,1.838191235,1.809361545,1.769659621,1.711343154,1.627937342,1.529636873,1.431577587,1.346089112,1.274059696,1.18141041,1.148669219,1.121322244,1.107806757,1.109662648,1.123811218,1.139811914,1.158636566,1.190237718,1.23619458,1.289222897,1.346536709,1.393605966,1.415232839,1.403845047,1.368838447,1.32597922,1.287002655,1.250794964,
Monaco,0.452820684,0.623097173,0.816989768,0.93650182,0.954101756,0.919042952,0.904220969,0.915301452,0.878482956,0.947015251,0.999745238,1.029483938,1.052178478,1.041222856,1.018674446,1.020102036,0.975049564,1.000051564,1.010023137,1.08982134,1.150272329,1.203038625,1.20228817,1.134431416,1.055446898,0.92891363,0.842253416,0.7525271,
Moldova,0.406669938,0.2162163,0.053981108,-0.135007446,-0.297659535,-0.404638697,-0.200222133,-0.369846949,-0.040399949,-0.203359857,-0.223626544,-0.231579736,-0.281594716,-0.247449868,-0.24330723,-0.277923569,-0.231747161,-0.190345178,-0.126238295,-0.099864634,-0.057820587,-0.01311889,-0.026776865,-0.060970101,-0.064383615,-0.060624297,-0.077677563,-0.093388678,
Madagascar,2.886200258,2.924293091,2.957769712,2.995996637,3.038715307,3.081080716,3.121640178,3.151818125,3.162060693,3.119708696,3.085857705,3.053493767,3.019969277,2.986676242,2.953901101,2.921158358,2.888251621,2.85559833,2.823486815,2.792666771,2.761889589,2.733967919,2.71321242,2.700996011,2.694213382,2.688183812,2.679883239,2.66961324,
Maldives,3.024330501,2.911607303,2.795794264,2.648054993,2.436230124,2.208445383,1.965301448,1.781606323,1.7332863,2.123695132,2.442388032,2.715105144,2.847383288,2.795858615,2.645060548,2.435311476,2.31865226,2.441248168,2.854753665,3.431139266,3.95667434,4.306004329,4.517333607,4.567409729,4.473007506,4.428363294,4.299186108,3.813136225,
Mexico,1.893125473,1.85244329,1.810739862,1.764754849,1.712699034,1.657597749,1.605744537,1.559440673,1.516092702,1.441087472,1.403960865,1.373013961,1.363786131,1.381467019,1.415822666,1.456207605,1.486064475,1.495369111,1.476757594,1.438141533,1.394792539,1.355289252,1.315560984,1.277676363,1.241177725,1.203251329,1.163967779,1.126421149,
Marshall Islands,3.117632262,2.368545529,1.722538469,1.18294407,0.767650652,0.480770157,0.15050998,-0.164384141,-0.18649689,0.652330929,1.309536698,1.826781184,2.052497732,1.890135209,1.425288859,0.91691703,0.507969398,0.219202583,0.135202468,0.206009876,0.292302041,0.328482918,0.388896711,0.422374157,0.453681701,0.514006029,0.557893548,0.609595692,
North Macedonia,-0.032155485,-0.146683972,-0.233201787,-0.233142057,-0.117254562,0.07813456,0.311677841,0.50914603,0.62114215,0.513647494,0.393510415,0.297475395,0.219288818,0.176232762,0.156655294,0.138623354,0.111176871,0.091319589,0.083455185,0.082226596,0.084282115,0.086380594,0.086209706,0.082237124,0.074715496,0.068123807,0.06010463,0.046194989,
Mali,1.82723865,2.172859497,2.4570458,2.640899043,2.689373321,2.65095794,2.594132954,2.576881356,2.602874139,2.811836032,2.927154179,3.017352755,3.100371029,3.173547603,3.233152498,3.294217928,3.337406268,3.329047326,3.261149086,3.158626749,3.044593573,2.952565219,2.901062154,2.901921705,2.935992047,2.975295283,2.999115367,3.007913579,
Malta,0.978313699,2.695092892,1.031640278,0.998755132,0.935263919,0.697143007,0.656524534,0.756792687,0.649936279,0.645267231,0.751106498,0.745506921,0.657732334,0.671628455,0.637436918,0.364336947,0.348755082,0.650655461,0.753906931,0.491182811,0.423700885,0.899209212,1.404050276,1.996754408,2.386395363,2.288615441,2.738662856,3.264720138,
Myanmar,1.471448092,1.333742473,1.213624069,1.145066673,1.143877971,1.187319546,1.24638692,1.285289498,1.288625438,1.159581323,1.076001574,1.005095607,0.932142376,0.859414762,0.790533451,0.714756263,0.647832474,0.619115071,0.640299595,0.694989178,0.767385401,0.826303883,0.849756952,0.822712022,0.762033335,0.689521233,0.633962381,0.608482652,
Montenegro,-0.032812754,0.120809886,0.232144827,0.271440062,0.199581093,0.052816572,-0.115971437,-0.243010698,-0.305295583,-0.027974019,0.402363248,0.400750772,0.399151169,0.177216476,0.147929262,0.124299813,0.138110348,0.177475867,0.214529296,0.183239906,0.105041772,0.084147408,0.097599637,0.097022011,0.056110724,0.023142531,0.011247907,-0.004499011,
Mongolia,1.994630024,1.534401951,1.146645064,0.873863728,0.761195357,0.766237399,0.803889746,0.823940855,0.84964524,0.887923091,0.920495284,0.974043757,1.037909511,1.112927846,1.195877528,1.275541946,1.357140897,1.457356633,1.579392665,1.709445872,1.83843533,1.942381267,2.001051262,2.00339925,1.964550454,1.913251831,1.861276285,1.79600998,
Northern Mariana Islands,4.955545081,1.978034151,-0.40797978,-1.55694105,-0.864780087,1.109246966,3.536040999,5.197066009,5.709292948,3.213674851,1.499501208,0.169606263,-0.812949728,-1.217102868,-1.237404617,-1.17414001,-1.193522777,-1.081544354,-0.79399046,-0.410488354,0.075937883,0.552054059,0.867139583,0.946513983,0.855206185,0.728782877,0.663417067,0.564156498,
Mozambique,1.406174658,2.589814548,3.523386633,4.01051768,3.937219323,3.518039679,3.035216634,2.699626591,2.509928774,2.676309529,2.83852544,2.932489207,2.976679703,2.953464449,2.887865831,2.820144111,2.775188458,2.745479417,2.736925889,2.743721432,2.749233949,2.753116358,2.769039684,2.798568532,2.834860784,2.872120456,2.900629142,2.913458975,
Mauritania,2.611891534,2.599013222,2.587652361,2.574881777,2.55889067,2.543894809,2.529553754,2.524318135,2.541954663,2.644090516,2.707315439,2.762661377,2.805704365,2.83295016,2.84911836,2.859079051,2.870166292,2.884475505,2.905320265,2.926799928,2.945519925,2.954438464,2.949158239,2.927320332,2.893574072,2.856110242,2.818999783,2.780434406,
Mauritius,0.712313471,1.079463625,1.315743114,1.185540614,1.400064494,0.859933461,1.022764541,1.25209761,1.051421625,0.982676166,0.790047581,0.694240135,0.723661766,0.627103982,0.59209966,0.466403526,0.455526401,0.361630847,0.265537673,0.237886693,0.160140421,0.277321026,0.220398692,0.181061469,0.132433083,0.068723138,0.090186811,0.054547267,
Malawi,3.560188966,2.061177883,0.887867949,0.251161384,0.36347657,1.007915331,1.795711094,2.386949286,2.761655365,2.676475988,2.508833906,2.4339583,2.416570938,2.48269491,2.600569615,2.716977602,2.797825936,2.852711626,2.874008503,2.870717182,2.864435231,2.858692113,2.838417615,2.80309477,2.7594617,2.709903551,2.666616388,2.641917288,
Malaysia,2.817284831,2.682055183,2.573093139,2.506094511,2.496693629,2.521352649,2.554063373,2.560848262,2.52711826,2.324616941,2.195503714,2.083956653,2.005612012,1.971754459,1.96526211,1.970866088,1.959194058,1.911365204,1.815674781,1.691027071,1.55799095,1.445660673,1.369113713,1.340490659,1.344947677,1.357864517,1.360192981,1.352511651,
North America,1.174097295,1.335375398,1.375570372,1.305104456,1.220562725,1.182149111,1.158263205,1.190077666,1.138930594,1.100928819,1.004246352,0.947888189,0.867299091,0.930473825,0.928178273,0.973418076,0.95751104,0.963907968,0.906830276,0.860596207,0.753591265,0.77152058,0.732086704,0.764028926,0.740860845,0.767035346,0.697539652,0.701862097,
Namibia,3.327473641,2.98947121,2.71084495,2.483348153,2.333877684,2.239006818,2.158113413,2.061945897,1.959842544,1.726197374,1.608605476,1.515649273,1.4793442,1.511993064,1.589970222,1.688022879,1.769704072,1.821326286,1.825753998,1.801512464,1.769492384,1.750389687,1.749070286,1.77153652,1.807851372,1.846297158,1.872154337,1.882279294,
New Caledonia,2.368989136,2.577967007,2.498715148,2.578822274,2.666625017,2.261522218,1.915332709,1.931976819,1.898767879,1.901374378,1.901793221,1.898811419,1.703765144,1.521461098,1.518467354,1.495754382,1.473710882,1.452307684,1.309615607,1.533215429,1.825085374,1.811679043,1.779440428,1.65510643,1.6098044,1.512006217,1.364718613,1.314666088,
Niger,3.117207612,3.21374592,3.29934014,3.368839145,3.417403394,3.451576909,3.482383094,3.515548561,3.547143466,3.60876885,3.637791569,3.664514485,3.688328598,3.709076163,3.7278624,3.742123504,3.756527931,3.77853074,3.809711497,3.844154032,3.876360997,3.898694473,3.907245338,3.899889965,3.881581481,3.860078795,3.839154453,3.816869199,
Nigeria,2.579309849,2.54594937,2.521577563,2.503346905,2.493413935,2.489914474,2.488916992,2.488785116,2.491318779,2.503846969,2.511616536,2.521515111,2.537254552,2.55966188,2.585689094,2.610843826,2.632173264,2.649864293,2.662916691,2.671442933,2.677883827,2.680913555,2.676900328,2.665019173,2.6474192,2.627702662,2.607676386,2.586545852,
Nicaragua,2.191747239,2.230491183,2.24622747,2.220209019,2.139614247,2.02323844,1.903298999,1.799209366,1.704361966,1.555883066,1.489336824,1.427215419,1.384988584,1.366571663,1.36539626,1.370910713,1.374179594,1.374697898,1.368535989,1.357700656,1.34688315,1.337558375,1.327178181,1.315508853,1.302091432,1.288955673,1.274855157,1.255357967,
Netherlands,0.688603823,0.788031035,0.756056593,0.69699133,0.602938474,0.493927373,0.461395748,0.514767002,0.616640531,0.714770363,0.754840058,0.638291666,0.471814399,0.347475412,0.233663148,0.160613669,0.217521601,0.389292461,0.514284545,0.512923101,0.466428782,0.370055035,0.294820793,0.359828173,0.443220089,0.53217888,0.591203366,0.580410754,
Norway,0.344151413,0.476503585,0.577180268,0.59522933,0.569388228,0.51912552,0.506881683,0.542219936,0.595410343,0.649044821,0.506046911,0.539290805,0.586532692,0.59093094,0.681072964,0.805392739,1.034734515,1.246333015,1.261127289,1.24566618,1.297189391,1.313440989,1.209141589,1.127736677,0.995084737,0.880969815,0.807673182,0.705638419,
Nepal,2.465687227,2.610501583,2.708677105,2.729223392,2.653261058,2.51165238,2.355607559,2.213505458,2.073169994,1.817273368,1.681592739,1.542724377,1.426524776,1.340497508,1.271055309,1.243735705,1.204561266,1.070696422,0.810307142,0.481206223,0.10443136,-0.190907924,-0.266959829,-0.040799013,0.400968922,0.906849996,1.333612899,1.653980239,
Nauru,2.417196961,2.688417659,2.687844944,2.530036018,2.030380068,1.230726507,0.413146128,-0.234532684,-0.773151126,-1.077658847,-1.187246332,-1.112380422,-1.074851112,-0.924815598,-0.536682975,-0.213447253,0.142348778,0.496631031,0.484115923,0.661855605,0.518394143,2.183406957,5.138571156,9.109230951,5.114564154,4.498486084,-1.334638904,-1.344820893,
New Zealand,0.923222729,,1.041735384,1.140231107,1.329237335,1.464363787,1.582661927,1.312358286,0.887279889,0.587564086,0.589286035,1.737174864,1.973558544,1.486219082,1.12877351,1.21898486,0.932407688,0.848701402,0.999728031,1.111726056,0.762479795,0.548220797,0.768347998,1.510339485,1.889045125,2.099356886,2.122962382,1.892735802,
Oman,3.997079532,4.404843941,4.618102351,4.38149975,3.616770661,2.566734117,1.458143514,0.584343373,0.093388485,0.577908105,1.182980461,1.723478993,2.173681819,2.456865875,2.652448284,2.730211888,2.917397634,3.469390162,4.451407873,5.58640038,6.666674659,7.32038057,7.349640007,6.739017689,5.790631303,4.845614386,4.083954207,3.445117966,
Pakistan,2.955558407,2.866813712,2.78844997,2.749601004,2.759564142,2.797005942,2.845336748,2.870200549,2.847723493,2.647398688,2.521498071,2.41700998,2.341923724,2.305981732,2.296422881,2.29323254,2.28167066,2.26305181,2.233333997,2.197033999,2.159028902,2.126711756,2.103632169,2.092276276,2.087629055,2.084320949,2.074997082,2.05587987,
Panama,2.107115602,2.089396031,2.072451266,2.060418668,2.052729963,2.048530792,2.045715103,2.039713885,2.025760587,1.970629913,1.938630408,1.908747327,1.882967812,1.861870367,1.844444342,1.828377907,1.811763539,1.794311712,1.776150401,1.757809351,1.736185243,1.715705644,1.704287378,1.703029701,1.707123796,1.713624922,1.7115912,1.69258055,
Peru,2.093396569,2.022524479,1.954108587,1.903296205,1.875981059,1.859853062,1.853820028,1.829860048,1.757924761,1.452875982,1.274316577,1.119423875,0.995940286,0.916382108,0.871984041,0.843022977,0.818629744,0.805922327,0.803205826,0.812933092,0.811930737,0.825138039,0.901475426,1.056972861,1.256186053,1.483160681,1.661934247,1.718246517,
Philippines,2.543404105,2.488563478,2.436907815,2.391634288,2.355082381,2.324215253,2.291634668,2.256005533,2.222295652,2.1590432,2.132604802,2.101921201,2.051819246,1.977348825,1.889366661,1.793723347,1.711104341,1.65996179,1.649857391,1.666112353,1.691813951,1.704126853,1.692082958,1.646689216,1.579367402,1.507207616,1.445492801,1.39613428,
Palau,2.344986009,2.511689791,2.652166825,2.700344503,2.587474311,2.638800141,2.468692853,2.36481377,2.174476188,1.737062235,1.460107517,1.28643857,0.872083811,0.292368391,-0.433818275,-1.225823442,-1.974326365,-2.398297823,-2.265635313,-1.821242392,-1.176484158,-0.593473552,-0.192929754,0.113533164,0.221019613,0.339079161,0.467172211,0.554390332,
Papua New Guinea,2.38639031,2.348967153,2.31494821,2.306303749,2.328879161,2.368243004,2.422445274,2.460757297,2.450540877,2.273150029,2.149307733,2.054067621,2.025000542,2.081040803,2.189462195,2.313211289,2.40240595,2.433061143,2.387696103,2.293116811,2.187683876,2.102969323,2.041359054,2.01278982,2.00628287,2.002382597,1.990144672,1.974760178,
Poland,0.392398205,0.354679168,0.306681391,0.254450914,0.211012329,0.135721034,0.076074182,0.065455369,0.035753301,-1.044335398,-0.027587125,-0.046318937,-0.067492702,-0.058512735,-0.043948953,-0.063370574,-0.054305021,0.01363738,0.067763227,-0.285609122,0.053769709,-0.000239076,-0.060360017,-0.074846229,-0.066641101,-0.042985131,0.012480099,0.00980075,
Puerto Rico,0.890295757,0.707415569,0.645450037,0.842176258,0.928877577,0.923749876,1.121862669,0.929312007,0.57478869,0.276558689,0.214145951,0.128937306,0.062589906,0.020462636,-0.144242361,-0.423467205,-0.585620757,-0.586677392,-0.545401894,-0.506170057,-1.156540293,-1.209987934,-1.145930978,-1.633128331,-1.761108524,-1.938266646,-2.421392859,-3.983500085,
Portugal,-0.21794848,-0.230481754,-0.077749267,0.122316595,0.269089468,0.346203938,0.375996187,0.446460605,0.505389233,0.702859953,0.705230637,0.54766794,0.375411415,0.23912899,0.185532267,0.180332441,0.196304384,0.14419128,0.095330859,0.045910037,-0.147084879,-0.405421788,-0.548815211,-0.539190467,-0.414141102,-0.315459017,-0.24388941,-0.180137491,
Paraguay,2.664064715,2.592646059,2.521296543,2.455643546,2.398241516,2.345754892,2.292806457,2.23499076,2.171857827,2.027708224,1.957772257,1.889000794,1.809659732,1.717219568,1.619245662,1.518486779,1.430860613,1.372056297,1.350354378,1.354323861,1.366354548,1.372544496,1.372824764,1.361597664,1.342858435,1.323677576,1.307316991,1.287844517,
French Polynesia,2.112653171,1.893370007,1.71257145,1.625834174,1.67361423,1.792454552,1.93060836,2.023275338,2.052266882,1.872537189,1.748335882,1.636390212,1.487444577,1.293130788,1.08320859,0.858044088,0.653391183,0.508750447,0.450772043,0.451751632,0.465410564,0.484446518,0.493209189,0.508088239,0.52089856,0.529854316,0.554953683,0.569178577,
Qatar,3.110804717,2.298698914,1.636671765,1.2206308,1.103013602,1.254520448,1.754723957,2.418225475,2.988768608,3.780297533,3.73449167,4.118172767,6.18952516,9.978992947,13.87016276,16.70019074,17.5109483,16.47580277,14.14463415,11.48290073,9.232393296,7.574748356,6.201453325,5.114952657,4.239996291,3.397360191,2.615829323,2.068684466,
Romania,0.174176628,-0.868693831,-0.903462928,-0.136109142,-0.145379065,-0.202318796,-0.288129486,-0.287897952,-0.206980242,-0.12944004,-1.395429986,-1.830654994,-0.721262297,-0.569786273,-0.617530957,-0.59240256,-1.477222982,-1.666382643,-0.833088755,-0.593959184,-0.491866213,-0.445177936,-0.371323063,-0.374575498,-0.470733511,-0.572649651,-0.584585617,-0.581419209,
Russian Federation,0.385794346,0.223632366,0.043724964,-0.113724698,-0.123965844,0.026777506,-0.145469155,-0.165319441,-0.165511937,-0.420566975,-0.424151028,-0.460061305,-0.45371986,-0.40261376,-0.381473696,-0.327318706,-0.171024042,-0.043942262,0.030114067,0.04488739,0.077967098,0.168301591,0.212923595,0.217700101,0.192558642,0.170244546,0.106871954,-0.012935384,
Rwanda,0.163354542,-2.852062922,-5.538714858,-6.766223086,-5.370069093,-1.694902847,2.981114124,6.546111035,8.117928251,5.604957424,3.680935197,2.352149019,1.532051953,1.431341925,1.822930211,2.271704584,2.516033988,2.668241259,2.67516791,2.588850081,2.498503397,2.459912832,2.451902154,2.485533644,2.542690207,2.602355764,2.63966475,2.644008891,
Saudi Arabia,3.558284742,3.26576425,2.995327348,2.74289381,2.508191462,2.302839889,2.097397826,1.942243236,1.919720701,2.297383091,2.574033854,2.802785914,2.943308391,2.965968322,2.911888477,2.823882799,2.76284419,2.756786089,2.824933954,2.927617708,3.039332443,3.091355922,3.03136125,2.835954922,2.556784389,2.259766669,2.003600072,1.7988753,
Sudan,3.386852012,3.62548753,3.779960444,3.761245333,3.535120358,3.189103501,2.813918791,2.516389952,2.339638409,2.406337007,2.52001091,2.589239898,2.598743824,2.526075288,2.404558001,2.275427246,2.183064903,2.140712731,2.163163278,2.228215581,2.302617,2.359799549,2.398943982,2.412115688,2.407212277,2.398807904,2.395219858,2.392265265,
Senegal,3.00484703,2.999727006,2.980102141,2.91894808,2.808315126,2.671640458,2.530347846,2.416645712,2.347649314,2.365148022,2.403785669,2.437102906,2.475669728,2.516259221,2.557495148,2.600244467,2.642725229,2.681436493,2.714923677,2.743232171,2.766679226,2.785660419,2.799058899,2.806700536,2.80841559,2.807361306,2.800658333,2.78193167,
Singapore,3.889093607,2.845482865,3.004256395,2.529806747,3.136586932,3.037813485,4.064318468,3.357442195,3.397212277,1.732042233,2.697355843,0.912639806,-1.474532842,1.251916673,2.350511289,3.129389156,4.166002864,5.321517083,3.015949915,1.771832879,2.084902456,2.45339033,1.619308099,1.298440178,1.186376937,1.297436099,0.08859547,0.469704299,
Solomon Islands,2.794351578,2.818192154,2.832197292,2.840822613,2.839102687,2.822805629,2.810817261,2.795563641,2.77534642,2.720230214,2.697736168,2.67372707,2.625798347,2.544872285,2.451286334,2.347120772,2.271755407,2.255864668,2.321267536,2.431469624,2.554885538,2.650154869,2.70923321,2.718366576,2.695347241,2.669813517,2.6447309,2.610133776,
Sierra Leone,1.523622446,0.666744352,-0.021526188,-0.432585438,-0.444093682,-0.135086647,0.202144227,0.523476828,1.05962089,2.701472756,3.630497861,4.356605159,4.629680809,4.380948111,3.820687703,3.200538522,2.714402446,2.37522009,2.242996189,2.252551979,2.274655942,2.249914334,2.230392163,2.206884922,2.181626694,2.164441213,2.154231955,2.136648208,
El Salvador,1.327096484,1.359182582,1.377999317,1.359796505,1.292805561,1.191755078,1.083860839,0.985403325,0.891911344,0.734526453,0.661368332,0.590961101,0.534300886,0.49459764,0.469132819,0.449672283,0.433493449,0.424169675,0.421858398,0.424404001,0.430725951,0.439491727,0.450208946,0.462663702,0.475363828,0.489210768,0.501858163,0.509367036,
San Marino,1.284903581,1.379048303,1.469122645,1.547071691,1.468790556,1.343448666,1.241871077,1.173944637,1.041168913,1.161036354,1.266435134,1.296747769,1.36421031,1.314755817,1.318157216,1.274075245,1.214813394,1.226522475,1.247363112,1.331311467,1.373848926,1.392614169,1.385774906,1.206103077,0.978564136,0.694863225,0.497209807,0.337998424,
Somalia,1.279189493,0.675050335,0.293134855,0.280345827,0.772487661,1.601717747,2.518189387,3.245614728,3.697576243,3.657651516,3.483062821,3.367354455,3.252075163,3.157150271,3.077643583,2.989666515,2.895419473,2.821405647,2.773317812,2.745705976,2.722661885,2.703899313,2.701534265,2.717471318,2.74531815,2.776253649,2.80476949,2.831767652,
Serbia,0.065932619,0.126942858,0.666421572,0.689223724,0.457848715,-1.422967089,-0.09923146,-0.279907993,-0.379260986,-0.319524801,-0.171946647,-0.09214695,-0.212738009,-0.233328452,-0.300431133,-0.393204593,-0.405458542,-0.425705552,-0.400994905,-0.402005901,-0.789468998,-0.485299545,-0.486591387,-0.469489291,-0.494772574,-0.523694463,-0.532191341,-0.553799324,
South Sudan,-0.344523278,-1.327855443,-2.139145127,-2.283126895,-1.443815272,0.131346305,2.008634448,3.568866169,4.521198186,4.377290907,3.928635637,3.661076537,3.632985851,3.925508889,4.37488994,4.81172748,5.02780406,4.948207021,4.53476108,3.926432203,3.333810644,2.837576117,2.358727149,1.911562502,1.511743983,1.084594613,0.719738422,0.59544157,
Sao Tome and Principe,2.453324135,2.278206881,2.125564748,1.975918488,1.844185932,1.724253284,1.603144126,1.502783828,1.473280083,1.63209054,1.73722302,1.8426131,1.992935141,2.184520968,2.400431442,2.637759345,2.816812807,2.857167858,2.74141365,2.523663955,2.27636955,2.080905702,1.935980106,1.877243676,1.875249494,1.88502548,1.882507166,1.884217354,
Suriname,2.015143235,1.915790352,1.835332087,1.738026629,1.639409469,1.53853399,1.429584468,1.318319487,1.240726995,1.188478789,1.188369369,1.179804552,1.176499923,1.168896208,1.165001501,1.160689372,1.158131779,1.155702231,1.15129214,1.144235961,1.136523212,1.127077102,1.110861225,1.087089694,1.05537038,1.022222701,0.987867648,0.958587769,
Slovak Republic,0.439617095,0.077472437,0.032465115,0.381719887,0.39405443,0.292632207,0.211674396,0.184629991,0.134121598,-0.135376488,-0.183012271,-0.036352551,-0.065821507,-0.02036172,0.009809134,0.004597119,0.029178401,0.0857553,0.133257321,0.093191273,0.128936463,0.170183855,0.107458009,0.097045422,0.095033879,0.12892233,0.155178996,0.142914343,
Slovenia,0.090624343,0.063438224,-0.146699403,-0.238300478,-0.115694093,0.0215615,-0.062536134,-0.134454343,-0.218117657,0.29607496,0.157498742,0.123915442,0.060296779,0.064066202,0.173208905,0.319114537,0.559207816,0.158140844,0.903875535,0.436079485,0.207732702,0.210024306,0.135726229,0.098351922,0.075190689,0.073197207,0.065159039,0.04760799,
Sweden,0.772602676,0.681643118,0.586529929,0.580838814,0.710705462,0.524703942,0.159147081,0.057262203,0.055512122,0.160575485,0.268470528,0.325438068,0.372092943,0.393298991,0.399942763,0.562483906,0.741552515,0.779033291,0.851904413,0.852524629,0.755150134,0.739763272,0.847348652,0.992219729,1.057454686,1.256453985,1.34744506,1.23985371,
Eswatini,2.950747942,2.740015725,2.537953221,2.360970416,2.218518171,2.095624102,1.994031938,1.877333239,1.697321311,1.132971,0.809694554,0.536242324,0.366626738,0.340054049,0.417431988,0.533516276,0.631152444,0.697031443,0.713864393,0.694531003,0.673417714,0.674565152,0.697191862,0.750005807,0.820626097,0.896297661,0.962067725,1.011798397,
Sint Maarten (Dutch part),,,,,,,,,,-1.834377687,0.265056848,0.576764882,2.233060387,3.177252874,1.597004887,1.294185282,1.100350126,0.451494681,0.803499822,-0.532990983,-1.840297302,3.540582819,5.523039526,2.902265834,2.980223174,2.903978461,1.502331373,0.196976476,
Seychelles,0.490359666,1.331962012,0.458917818,2.083758339,2.665768473,1.47017209,1.467193026,1.173453648,1.95568619,0.892658567,0.087474518,3.057385326,-1.131516421,-0.370334935,0.463308214,2.080596735,0.510514983,2.236282715,0.392530948,2.792329069,-2.628656355,0.98098019,1.846876093,1.555395709,2.229795053,1.33763478,1.224033758,0.954291918,
Syrian Arab Republic,2.982507861,2.923462538,2.863412057,2.821648252,2.801537567,2.792211696,2.808811041,2.814630353,2.757453551,2.44801766,2.144390666,1.879285974,1.916484603,2.341624702,2.947799641,3.731453234,4.207340264,3.876852433,2.588327688,0.736023435,-1.31729901,-3.084734319,-4.289117543,-4.536564951,-3.913350021,-3.066273746,-2.235952757,-0.952015452,
Chad,3.226474392,3.198650692,3.191444906,3.207136433,3.254410947,3.322598594,3.377755701,3.423270287,3.490769651,3.682718582,3.785852882,3.856233291,3.85716413,3.777276578,3.649829765,3.50814667,3.393016334,3.32337145,3.311623295,3.334642775,3.363545784,3.370758938,3.350985214,3.296945541,3.222050147,3.143959589,3.077531708,3.023579699,
Togo,2.569484027,2.322389832,2.123631955,2.085302845,2.2471306,2.532210952,2.857631845,3.104941845,3.213450917,2.966857997,2.767082098,2.621383408,2.538361743,2.539900508,2.597288842,2.659433782,2.69597392,2.716994889,2.714801699,2.696455516,2.677515307,2.660849964,2.635744685,2.601149524,2.560945092,2.518741857,2.479318302,2.445904207,
Thailand,1.399496742,1.185135837,1.005812493,0.907035869,0.91713304,1.00050231,1.108583391,1.18436686,1.206435993,1.04442413,0.927424589,0.83050102,0.747605587,0.687690282,0.645482185,0.604057085,0.55991981,0.525822896,0.503540016,0.489609257,0.480063003,0.469250687,0.453807163,0.430842722,0.402150718,0.373052587,0.345238362,0.315448259,
Tajikistan,2.567593708,2.1867428,1.868583057,1.637069065,1.523243239,1.496762863,1.490106268,1.476732044,1.48731706,1.567476716,1.630242567,1.700327656,1.768650961,1.83044471,1.887280763,1.943860713,2.003390646,2.063579235,2.124626984,2.184338722,2.234800036,2.277533217,2.321266395,2.367163928,2.408647884,2.448490246,2.470382009,2.453465059,
Turkmenistan,2.698959601,2.816079569,2.878533952,2.805168415,2.567564112,2.228606837,1.871820393,1.568335252,1.331202134,1.113271534,1.056152094,1.001132397,0.98725697,1.018435274,1.083638122,1.159749971,1.240314446,1.338519183,1.451936718,1.570268795,1.693237552,1.796928924,1.852083285,1.8454459,1.79414627,1.729432997,1.66898196,1.606415757,
Timor-Leste,2.619069002,2.900411079,3.068966648,2.97646336,2.56516082,1.974637152,1.297662023,0.7575035,0.539692446,1.277967574,1.887173918,2.355490863,2.611547913,2.583258506,2.363269025,2.117532827,1.944699501,1.820376366,1.769866286,1.775671712,1.779013816,1.76689539,1.77593765,1.807556089,1.853650827,1.903194981,1.947068453,1.96810074,
Tonga,0.229570446,0.186007462,0.160507784,0.165483186,0.190281088,0.247242126,0.308974545,0.358750359,0.426541176,0.502418493,0.523262927,0.54174879,0.570966906,0.629609651,0.683166691,0.790681822,0.856643204,0.774911627,0.493080041,0.092362761,-0.408580752,-0.799814248,-0.947661184,-0.729800671,-0.244786034,0.348663646,0.851672299,1.168657761,
Trinidad and Tobago,0.678646123,0.651944034,0.614816037,0.559046958,0.473621257,0.373844156,0.266666931,0.182649033,0.146497627,0.254436375,0.352846314,0.437924544,0.495632801,0.510087434,0.493230594,0.466245795,0.451166827,0.456900692,0.492303222,0.544870372,0.602856207,0.644464454,0.658363989,0.636369332,0.584484971,0.52665947,0.471315702,0.417170469,
Tunisia,2.23635999,2.223931787,2.183012143,2.09166919,1.936397721,1.740819587,1.54348763,1.369433359,1.213811479,0.980882557,0.877370925,0.786654393,0.747117198,0.771255024,0.839527992,0.930113754,1.009589214,1.059000757,1.062668312,1.035407586,0.997672882,0.973860812,0.972018923,1.001545789,1.049753044,1.10299623,1.139078899,1.145827766,
Turkey,1.738395823,1.689650619,1.6427927,1.610059417,1.59417818,1.589428988,1.589089637,1.584872715,1.572900714,1.518097003,1.494229784,1.473881037,1.438721295,1.384733924,1.323138268,1.248866309,1.192794254,1.195376089,1.2738919,1.40009289,1.532400817,1.632957935,1.694202585,1.701972386,1.666051682,1.632250641,1.591059209,1.490444868,
Tuvalu,1.51483792,1.259841626,0.948292474,0.895887124,0.628864699,0.49595789,0.268514205,0,0.096488884,0.512274333,0.95349806,1.174017677,1.3456367,1.459581921,1.31865618,1.192857087,0.993076349,0.905776828,1.060864419,1.011748632,0.973404652,0.991960221,1.092805837,1.053653983,1.150844109,1.128841946,1.283487413,1.206413793,
Tanzania,3.193248005,3.327430252,3.41278194,3.37692256,3.195185443,2.931318713,2.647325656,2.428291842,2.317509128,2.468918042,2.612435612,2.722265737,2.799005202,2.82715423,2.823744969,2.816486992,2.823944134,2.841470416,2.872967915,2.91186387,2.94803624,2.97488817,2.993448581,3.002104081,3.00254051,3.000522906,2.995388132,2.981674115,
Uganda,3.46690334,3.394119311,3.331210858,3.255995409,3.169680101,3.082372664,2.990472342,2.91706312,2.891838643,2.994744575,3.076051127,3.141292536,3.180443386,3.184797799,3.167952398,3.15330824,3.151819494,3.155897382,3.167519504,3.186619069,3.182881931,3.181665327,3.234464508,3.352319631,3.496089167,3.65264431,3.749875169,3.7213873,
Ukraine,0.229585786,0.208812129,0.28765251,0.055485759,-0.496001742,-0.790352758,-0.887423727,-0.911128989,-0.893741785,-1.006596332,-1.005494764,-0.993677409,-0.811436362,-0.758627911,-0.732790732,-0.676092035,-0.596804887,-0.541462211,-0.443932417,-0.397285236,-0.359480081,-0.24709923,-0.22770475,-0.479615926,-0.260805738,-0.33138051,-0.386283095,-0.466430103,
Uruguay,0.677812719,0.706879326,0.725537709,0.735323326,0.733860688,0.719954702,0.713884566,0.699131124,0.63674378,0.353785697,0.172665794,0.017048753,-0.071341481,-0.06597299,0.009844536,0.108256053,0.1907123,0.253958113,0.282665228,0.286155214,0.287119697,0.297573927,0.309230785,0.323864956,0.339819684,0.354674156,0.364798683,0.367502623,
United States,1.12965052,1.336260741,1.386885692,1.31868,1.226296089,1.190787091,1.16341162,1.203960297,1.165714526,1.112768997,0.989741382,0.927797486,0.859481713,0.925483969,0.921713167,0.964253917,0.951055243,0.945865287,0.876651299,0.829274641,0.726014424,0.733617007,0.693255125,0.734092817,0.737335445,0.7234012,0.6404588,0.619431053,
Uzbekistan,2.92827521,2.132153512,2.344391704,2.272458415,1.963103725,1.806877907,1.912685998,1.885238808,1.609490295,1.383746821,1.265968533,1.223831519,1.163675244,1.153769215,1.163350224,1.220216354,1.423474897,1.605327363,1.687340969,2.822849683,2.684015505,1.472099988,1.561904333,1.686900359,1.744258375,1.738849262,1.683506325,1.734862316,
St. Vincent and the Grenadines,0.384983347,0.27129999,0.161315778,0.076857905,0.018511148,-0.016659879,-0.054626849,-0.075044822,-0.087159712,0.024125229,0.103857576,0.186117196,0.211622688,0.171556688,0.093954669,-0.010128121,-0.078297359,-0.115254656,-0.097840141,-0.029555468,0.056332567,0.109803426,0.172305013,0.219787382,0.263292035,0.28452905,0.335635057,0.348123622,
Venezuela  RB,2.403231028,2.334180378,2.269817524,2.209218388,2.154154292,2.103652473,2.051513736,1.999443347,1.954786259,1.888574407,1.859333084,1.825033447,1.781677529,1.726465317,1.662677907,1.568073774,1.469276459,1.414738074,1.419817009,1.448313355,1.564456214,1.627755571,1.424031969,0.874378499,0.1220584,-0.786447681,-1.538842831,-1.785864856,
Vietnam,2.138683665,2.107530654,2.061821208,1.979097292,1.851229127,1.695286654,1.534389763,1.389653437,1.265721,1.100434447,1.035890897,0.976003679,0.936612605,0.920597204,0.922547993,0.931889277,0.943390357,0.959820468,0.97942427,1.000121995,1.022304796,1.042047722,1.053406156,1.053479554,1.043962275,1.032286623,1.017796272,0.992716375,
Vanuatu,2.612056565,2.787367333,2.91240189,2.905124377,2.708017013,2.425130963,2.097287653,1.845755327,1.737607049,2.024441334,2.270061214,2.454062847,2.565307047,2.564357581,2.494027564,2.402086923,2.35211677,2.355931881,2.436866519,2.557282765,2.690696588,2.782246791,2.819993478,2.786992876,2.707363995,2.620904941,2.546959469,2.480280726,
Samoa,0.531498466,0.730725406,0.906263506,0.979536348,0.938028932,0.802961084,0.651196988,0.526174397,0.447077783,0.485545238,0.536237229,0.577035646,0.608663868,0.621221183,0.634635709,0.63726807,0.644768878,0.666287719,0.703066087,0.75195021,0.814105584,0.859901676,0.857813872,0.785509787,0.669894192,0.526740178,0.419096403,0.397464519,
Kosovo,1.897590146,1.914952133,1.77550356,1.693650953,1.615380911,1.589700641,1.46773672,1.302792853,-5.924733485,-3.582127645,0.067859323,0.067930793,0.067884679,0.067838626,0.067909885,0.803200286,0.803261833,0.803213478,0.803171845,0.803248961,0.859067492,0.789726589,1.041532574,-0.126169138,-1.103885809,0.796024104,0.79520011,0.794345853,
Yemen  Rep.,4.549560802,4.932935057,5.164465571,5.115566112,4.752035303,4.216183781,3.660129587,3.221108078,2.927750729,2.842718999,2.883516135,2.889574977,2.89268329,2.881946827,2.861969216,2.84483564,2.834913307,2.824209878,2.811865495,2.795788046,2.779987563,2.757338894,2.71651973,2.654140956,2.578072024,2.498247034,2.424025108,2.357022518,
South Africa,2.393768388,2.465094409,2.496889926,2.454950806,2.320140023,2.126179961,1.924734592,1.751689475,1.603360151,1.409028824,1.33329297,1.263918219,1.22383854,1.217777186,1.23775315,1.263600129,1.291494336,1.334129265,1.391533479,1.455280038,1.525314084,1.583107137,1.605751699,1.583168287,1.528926307,1.464829214,1.40774075,1.357697288,
Zambia,2.732582419,2.57711916,2.451805211,2.39830296,2.433661705,2.525600325,2.637617826,2.723633984,2.76287432,2.679438703,2.617613989,2.58051991,2.564827878,2.577369297,2.611388183,2.640770646,2.670264818,2.72641516,2.813365844,2.914662962,3.020290578,3.102770166,3.139812131,3.121304561,3.066874538,3.003345679,2.951583275,2.912801004,
Zimbabwe,2.706522008,2.354763302,2.034284923,1.748434093,1.511831112,1.314124334,1.137197619,0.965970977,0.801959349,0.495761344,0.356533064,0.254424632,0.233400843,0.314038975,0.471328563,0.650310828,0.82282469,1.003658812,1.183792351,1.353892567,1.536390806,1.698000772,1.777644933,1.754692348,1.663812851,1.549758816,1.460060709,1.410782722,
